category,nameEn,nameAr,aliasesEn,aliasesAr,caloriesPer100g,proteinPer100g,carbsPer100g,fatPer100g,notes
Grains,"Barley, grains",شعير حب,barley,شعير,335,10.7,69.6,1.5,
Grains,"Corn, grains (white)",ذرة بيضاء حب,corn;white corn,ذرة;ذرة بيضاء,364,10.2,71.9,4,"""corn""/""ذرة"" shared with the yellow variant below — same reasoning as the chicken/beef/rice/potato pattern: a bare query should surface both."
Grains,"Corn, grains (yellow)",ذرة صفراء حب,corn;yellow corn,ذرة;ذرة صفراء,368,12.7,67,5.5,
Grains,Corn flakes,كورن فليكس,cornflakes,,373,6.2,82.3,2.1,
Grains,Corn flour,دقيق الذرة,cornflour,دقيق ذرة,359,8.9,75.2,2.5,
Grains,"Corn kernels, canned",ذرة معلبة,canned corn,,100,2.8,20.1,0.9,
Grains,"Corn on the cob, grilled",ذرة مشوية,grilled corn,كوز ذرة مشوي,161,4,34.1,1,
Grains,Popcorn,فشار,"corn, popped",,541,9.1,66,16.7,
Grains,"Corn, puffed",ذرة منفوخة,puffed corn,,503,7.8,60.1,25.7,
Grains,Corn starch,نشا الذرة,cornstarch,نشا ذرة;نشا,380,0.2,94.5,0.1,
Grains,"Macaroni, plain",مكرونة سادة,macaroni;pasta,مكرونة,361,12,75.8,1.1,
Grains,"Macaroni with tomato sauce, cooked",مكرونة بصلصة الطماطم,macaroni/tomato,مكرونة بالصلصة,169,5,30.5,3,
Grains,"Macaroni with tomato and meat sauce, cooked",مكرونة باللحمة والصلصة,macaroni/tomato/meat,مكرونة باللحمة,175,6.8,24.4,5.6,
Grains,"Noodles, fried",شعرية محمرة,fried noodles,شعرية مقلية,218,5.1,36,6,
Grains,"Rice, white, raw",أرز أبيض نيء,"rice;raw rice;uncooked rice;rice, grains",رز;أرز;رز نيء;أرز حب,357,8.7,78.7,0.8,
Grains,Rice flour,دقيق الأرز,rice flour,دقيق أرز,354,7.3,80,0.5,
Grains,"Rice, fried",رز محمر,fried rice,,214,3.6,41.1,3.9,
Grains,"Rice, fried with noodles",رز بالشعرية محمر,fried rice with noodles,رز بالشعرية,219,3.5,41.1,4.5,
Grains,"Rice, fried with onions",رز بالبصل محمر,fried rice with onions,رز بالبصل,203,3.1,37.2,4.6,
Grains,Koshari,كشري,rice (koshari);kosheri;koshary,,172,6.5,24.7,5.2,
Grains,Rice pudding with milk,رز بلبن,rice pudding,أرز باللبن,129,3.3,23.1,2.6,
Grains,"Rice, puffed/crisp",أرز منفوخ,puffed rice,,379,9,84.2,0.7,
Grains,Semolina,سميد,,,360,12,74,1.8,
Grains,"Sorghum, grains",ذرة رفيعة حب,sorghum,ذرة رفيعة,366,10.9,72.6,3.6,
Grains,Wheat bran,نخالة قمح,bran;wheat bran,نخالة,313,14.4,55,3.9,
Grains,"Wheat, grains",قمح حب,wheat,قمح,344,12,70.3,1.6,
Grains,"Wheat flour, brown",دقيق قمح أسمر,brown flour;whole wheat flour,دقيق أسمر,350,11.8,72.7,1.3,
Grains,"Wheat flour, white",دقيق قمح أبيض,white flour;flour,دقيق أبيض;دقيق,354,10,76.3,1,
Grains,"Couscous, plain",كسكسي سادة,couscous;koskos,كسكسي,213,5.8,45.8,0.7,
Grains,"Couscous, sweet",كسكسي حلو,sweet couscous,,283,5.8,42.9,9.8,
Grains,"Bulgur, parboiled wheat",برغل,bulgur;burghul,,352,12.5,71.4,1.8,
Grains,"Freekeh, raw",فريك,freekeh;fereek,,351,11.6,72.4,1.7,
Grains,"Freekeh, cooked",فريك مطبوخ,cooked freekeh,,199,5.3,35.4,4,
Grains,"Freekeh with meat, cooked",فريك باللحمة,freekeh with meat,,213,7.8,31,6.4,
"Bakery, biscuits, sandwiches","Biscuit, chocolate-coated",بسكويت بالشوكولاتة,chocolate biscuit,,517,10.5,56.8,27.5,
"Bakery, biscuits, sandwiches","Biscuit, cream-filled",بسكويت محشي كريمة,cream biscuit,,509,7.3,63.6,25,
"Bakery, biscuits, sandwiches","Biscuit, date-filled",بسكويت بالتمر,date biscuit,,453,6.4,71.2,15.8,
"Bakery, biscuits, sandwiches",Digestive biscuit,بسكويت دايجستيف,digestive biscuit;digestives,,468,7.5,64.6,20,
"Bakery, biscuits, sandwiches","Biscuit, plain",بسكويت سادة,biscuit;plain biscuit;nice biscuit,بسكويت,438,9.6,73.3,11.8,"""بسكويت""/""biscuit"" shared across the plain/salted variants below — a bare query for plain biscuits should show the common ones."
"Bakery, biscuits, sandwiches","Biscuit, salted",بسكويت مملح,salted biscuit;biscuit,بسكويت,438,10.1,68.6,13.7,
"Bakery, biscuits, sandwiches",Pretzel,بريتزل,pretzel;salted pretzel,,398,9.8,82.9,3,
"Bakery, biscuits, sandwiches","Wafers, chocolate-coated",ويفر بالشوكولاتة,chocolate wafers,ويفر,535,6.4,60.4,29.8,
"Bakery, biscuits, sandwiches","Wafers, cream-filled",ويفر بالكريمة,cream wafers,,515,6.3,65.2,25.4,
"Bakery, biscuits, sandwiches",Baladi bread (wheat/corn),عيش بلدي بالذرة,corn baladi bread,,256,9,52,1.3,
"Bakery, biscuits, sandwiches","Bran bread, dry (sin)",عيش نخالة,bran bread,,369,12.3,75.2,2.1,
"Bakery, biscuits, sandwiches",Sesame buns,عيش سمسم,sesame bread;sesame buns,,273,12.5,49,3,
"Bakery, biscuits, sandwiches",Corn-wheat bread,عيش ذرة وقمح,corn wheat bread,,360,10.1,73.7,2.8,
"Bakery, biscuits, sandwiches",Bread crumbs,بقسماط,bread crumbs,,356,10.3,74.2,2,
"Bakery, biscuits, sandwiches",French bread,عيش فينو,french bread;fino bread,,285,8.7,60.3,1,
"Bakery, biscuits, sandwiches",Lebanese bread (pita),عيش شامي,lebanese bread;pita bread;shami bread,خبز شامي,311,9.2,66.9,0.7,"""شامي""/""Lebanese/pita bread"" shared with the brown variant below."
"Bakery, biscuits, sandwiches","Lebanese bread, brown",عيش شامي أسمر,brown pita bread;lebanese bread,عيش شامي,293,9.4,59.1,2.1,
"Bakery, biscuits, sandwiches",Shamsy bread,عيش شمسي,shamsy bread,,259,9.2,53.1,1.1,
"Bakery, biscuits, sandwiches","Toast bread, brown",توست أسمر,brown toast bread;toast bread,توست,257,8.9,51.1,1.9,"""توست""/""toast bread"" shared with the white variant below."
"Bakery, biscuits, sandwiches","Toast bread, white",توست أبيض,white toast bread;toast bread,توست,270,8.4,55.6,1.5,
"Bakery, biscuits, sandwiches",Bread sticks with sesame,عصايا بالسمسم,sesame bread sticks;breadsticks,,379,11.7,76.5,2.9,
"Bakery, biscuits, sandwiches",Bread sticks (fayesh),فيش,fayesh,,398,12,70.6,7.5,
"Bakery, biscuits, sandwiches",Cupcake,كيك كوب,cupcake,,379,7,46.3,18.4,
"Bakery, biscuits, sandwiches",Sponge cake,كيك اسفنجي,sponge cake;cake,كيك,290,7.5,55.6,4.2,
"Bakery, biscuits, sandwiches",Flaky pastry,عجينة مورقة,flaky pastry;puff pastry,,476,5.5,37.1,34,
"Bakery, biscuits, sandwiches",Date pie,فطيرة بالتمر,date pie,,361,9.5,56.1,10.9,
"Bakery, biscuits, sandwiches",Feteer meshaltet,فطير مشلتت,feteer meshaltet;feteer,فطير,402,6.7,26.2,30,
"Bakery, biscuits, sandwiches","Feteer, market",فطير بلدي,feteer,فطير,341,7.6,50.7,12,
"Bakery, biscuits, sandwiches",Meat pie (roll),فطيرة باللحمة,meat pie;meat roll,,279,8.5,19.4,18.6,
"Bakery, biscuits, sandwiches","Pizza, cheese",بيتزا بالجبنة,cheese pizza;pizza,بيتزا,243,12,26.5,9.9,
"Bakery, biscuits, sandwiches","Pizza, meat/sausage",بيتزا باللحمة,meat pizza;sausage pizza,,267,13.4,32.4,9.3,
"Bakery, biscuits, sandwiches","Pizza, seafood",بيتزا بالمأكولات البحرية,seafood pizza,,252,10,35.1,8,
"Bakery, biscuits, sandwiches","Pizza, vegetarian",بيتزا خضار,vegetarian pizza;veggie pizza,,230,5.9,35.6,7.1,
"Bakery, biscuits, sandwiches","Sandwich, white cheese",ساندوتش جبنة بيضاء,white cheese sandwich,,180,7.5,28.5,4,
"Bakery, biscuits, sandwiches","Sandwich, yellow cheese",ساندوتش جبنة صفراء,yellow cheese sandwich,,262,10.5,39.3,7,
"Bakery, biscuits, sandwiches","Sandwich, fried brain",ساندوتش مخ مقلي,fried brain sandwich,,232,10.1,21.9,11.5,
"Bakery, biscuits, sandwiches","Sandwich, fried chicken",ساندوتش فراخ مقلية,fried chicken sandwich,,259,9.6,32.7,10,
"Bakery, biscuits, sandwiches","Sandwich, fried eggplant",ساندوتش باذنجان مقلي,fried eggplant sandwich,,123,4,31.9,5.5,
"Bakery, biscuits, sandwiches","Sandwich, fried liver",ساندوتش كبدة,fried liver sandwich;liver sandwich,,238,14.4,29.7,6.8,
"Bakery, biscuits, sandwiches","Sandwich, fried shrimp",ساندوتش جمبري,fried shrimp sandwich;shrimp sandwich,,252,10.2,29.1,10.5,
"Bakery, biscuits, sandwiches","Sandwich, taameya (falafel)",ساندوتش طعمية,falafel sandwich;taameya sandwich,ساندوتش فلافل,205,6.1,32.2,5.8,
"Bakery, biscuits, sandwiches","Sandwich, grilled chicken",ساندوتش فراخ مشوية,grilled chicken sandwich,,223,11.4,26.4,8,
"Bakery, biscuits, sandwiches","Sandwich, kofta",ساندوتش كفتة,kofta sandwich;grilled kofta sandwich,,224,12,27.2,7.5,
"Bakery, biscuits, sandwiches",Hamburger sandwich,ساندوتش هامبورجر,hamburger,هامبورجر,216,8.8,28.4,7.5,
"Bakery, biscuits, sandwiches",Hot dog sandwich,ساندوتش هوت دوج,hot dog;hotdog,هوت دوج,221,8.8,31.9,6.5,
"Bakery, biscuits, sandwiches","Sandwich, shawerma (meat)",ساندوتش شاورما لحمة,meat shawerma sandwich;shawerma,شاورما,220,10.7,28.6,7,
"Bakery, biscuits, sandwiches","Sandwich, ful medames",ساندوتش فول,ful sandwich;stewed foul sandwich,,173,5,33.3,2.2,
"Bakery, biscuits, sandwiches",Chufa tuber (tiger nut),حب العزيز,chufa;tiger nut,,413,5.7,61.1,16.2,
"Bakery, biscuits, sandwiches","Chufa tuber, fresh",حب العزيز طازة,fresh chufa;fresh tiger nut,,278,4,44.6,9.3,
"Bakery, biscuits, sandwiches",Taro root,قلقاس,taro;colocasia,,77,2.1,16.6,0.2,"""قلقاس""/""taro"" shared with the cooked variant below."
"Bakery, biscuits, sandwiches","Taro root, cooked",قلقاس مطبوخ,cooked taro;taro,قلقاس,91,2.5,10.3,4.4,
"Bakery, biscuits, sandwiches",Potato chips,شيبسي,potato chips;chips,شيبس,557,5.5,49.4,37.5,
"Bakery, biscuits, sandwiches","Potatoes with tomato, cooked",بطاطس بالطماطم,potatoes with tomato,,104,1.2,16.9,3.5,
"Bakery, biscuits, sandwiches",Mashed potatoes with milk,بطاطس مهروسة باللبن,mashed potatoes,بطاطس مهروسة,80,2.2,13.6,1.9,
"Bakery, biscuits, sandwiches",Mashed potatoes with meat and egg,بطاطس مهروسة باللحمة والبيض,potato meat egg mash,,121,6,8.4,7,
"Bakery, biscuits, sandwiches",Stuffed potatoes with meat,بطاطس محشية باللحمة,stuffed potatoes,,115,3.1,14.5,5,
"Bakery, biscuits, sandwiches",Sweet potato,بطاطا حلوة,sweet potato;sweet potatoes,,112,1.8,25.5,0.3,
Legumes,"Fava beans, dried, raw",فول نيء,"fava beans, raw;dried fava beans",فول حب;فول ناشف,326,24.1,54,1.5,
Legumes,"Fava beans, bisara",بيصارة,bisara;fava bean dip,فول بيصارة,130,6,17.4,4,
Legumes,"Fava beans, split, dried",فول مقشور,split fava beans;decorticated fava beans,,346,25.9,56.2,2,
Legumes,"Fava beans, canned",فول معلب,canned fava beans;canned foul,,132,6.1,15.7,5,
Legumes,"Taameya (falafel), fried",طعمية,taameya;falafel;egyptian falafel,فلافل,355,10.9,32.6,20.1,
Legumes,"Fava beans, sprouted, cooked",فول نابت,sprouted fava beans,فول نابت مسلوق,114,8.8,18.4,0.6,
Legumes,"Kidney beans, red, dried, raw",لوبيا حمرا نيئة,"red kidney beans;kidney beans, raw",لوبيا حمرا,323,23.1,54.8,1.3,"""لوبيا حمراء""/""kidney beans"" red — no direct raw/cooked pairing needed here since this dataset's cooked entries are specifically the white variant below, not this one."
Legumes,"Kidney beans, white, dried, raw",لوبيا بيضا نيئة,white kidney beans;kidney beans,لوبيا بيضا;لوبيا,333,22.1,58,1.4,"""white kidney beans""/""لوبيا بيضا"" shared with the cooked variant below."
Legumes,"Kidney beans, white, cooked",لوبيا بيضا مسلوقة,cooked white kidney beans;kidney beans,لوبيا بيضا;لوبيا,134,8.9,19.3,2.4,
Legumes,"Kidney beans, white, with meat",لوبيا بيضا باللحمة,kidney beans with meat,,152,11.4,14,5.6,
Legumes,"Mung beans, dried, raw",لوبيا مونج,mung beans,ماش,352,21.4,62.1,2,
Legumes,"Chickpeas, dried, raw",حمص حب,chickpeas;garbanzo beans,حمص,352,20.3,58.3,4.2,
Legumes,"Chickpeas, cooked (hummus sham)",حمص الشام,homos sham;boiled chickpeas,حمص مسلوق,138,7,23.9,1.6,
Legumes,"Cowpeas, dried, raw",لوبيا نيئة,"cowpeas, raw;dried cowpeas",لوبيا حب,330,23,56.7,1.2,"""cowpeas""/""لوبيا"" shared with the cooked variant below — the source dataset used the bare name ""cowpeas"" for both a dry/raw entry and a separate fresh/green entry without distinguishing them; named distinctly here (see also the fresh variant in the Vegetables batch)."
Legumes,"Cowpeas, cooked",لوبيا مسلوقة,cooked cowpeas,,131,8.5,16.4,3.5,
Legumes,"Cowpeas with meat, cooked",لوبيا باللحمة,cowpeas with meat,,146,11,13,5.5,
Legumes,Fenugreek seeds,حلبة حب,fenugreek,حلبة,356,25.6,48.3,6.7,
Legumes,"Lentils, whole, dried, raw",عدس بالقشرة نيء,"whole lentils, raw;unpeeled lentils",عدس بالقشرة,340,22.4,60,1.1,"""lentils""/""عدس"" not shared with ""Lentils, cooked"" (hand-built section) on purpose — unlike raw/cooked meat pairs, a bare ""lentils"" query in this app already defaults sensibly to the cooked/edible form; this raw dry entry is reachable via its own more specific aliases."
Legumes,"Lentils, split, dried, raw",عدس أصفر نيء,"split lentils, raw;yellow lentils, raw",عدس أصفر,340,22.9,60.5,0.7,
Legumes,"Lentils with rice, cooked",عدس بالرز,lentils and rice;koshari-style lentils,,140,6.2,17.1,5.2,
Legumes,Lentil soup,شوربة عدس,lentil soup,,68,1.5,3.8,1.5,
Legumes,"Soybeans, dried, raw",فول الصويا,soybeans,,446,36.5,30.2,19.9,"Corrected against live USDA data (SR Legacy ""Soybeans, mature seeds, raw"") — the source row's fat value (19.9g) was suspiciously identical to its protein value, part of a 9-row block with the same pattern (see the nuts section below); this one happened to already be right."
Legumes,Soy flour,دقيق الصويا,soybean flour,,366,51.1,32.9,3.3,"Corrected against live USDA data (Foundation ""Flour, soy, defatted"") — the source figure (fat=3.9g, matching protein=3.9g) was the same copy-error; full-fat soy flour would run higher in fat than this."
Legumes,"Peas, dried, raw",بازلاء نيئة,dried peas;split peas,بسلة يابسة,346,24.6,63.4,1.2,"Corrected against a general reference for dried peas (the source figure had the same protein=fat copy-error as the block below: 2.1g for both, implausible for a dry legume)."
Nuts and seeds,Almonds,لوز,almonds,,567,20,20,50,
Nuts and seeds,"Coconut, dried",جوز هند مجفف,dried coconut;desiccated coconut,نشاف,660,6.9,23.6,64.5,
Nuts and seeds,Hazelnuts,بندق,hazelnuts;filberts,,628,15,16.7,60.8,
Nuts and seeds,Peanuts,فول سوداني,peanuts,,570,26.2,15.8,49.6,
Nuts and seeds,Pine nuts,صنوبر,pine nuts;pinenuts,,614,30.2,10.3,50.2,
Nuts and seeds,Pistachio nuts,فستق حلبي,pistachios;pistachio nuts,فستق,631,20.9,15.1,54.1,
Nuts and seeds,"Pumpkin seeds, salted",لب يقطين محمص,pumpkin seeds,بذور اليقطين,591,23.9,15.8,48,
Nuts and seeds,Sesame seeds,سمسم,sesame seeds;sesame,,600,19,14.5,51.8,
Nuts and seeds,Tahini (sesame paste),طحينة,tahini;sesame butter,,660,20,10,60,
Nuts and seeds,Walnuts,جوز,walnuts,عين جمل,695,14.7,13,64.9,
Nuts and seeds,"Watermelon seeds, salted",لب بطيخ محمص,watermelon seeds,لب أبيض,592,34.7,5.3,48,
Vegetables,Artichokes,خرشوف,artichoke,,45,3.5,7.4,0.2,
Vegetables,Artichoke salad,سلطة خرشوف,artichoke salad,,89,2.7,9,4.7,
Vegetables,"Fava beans, green, fresh",فول أخضر,fresh fava beans;green fava beans,,79,5.7,13.2,0.4,
Vegetables,"Green beans, fresh",فاصوليا خضرا,green beans,فاصوليا,30,1.8,5.2,0.2,"""green beans""/""فاصوليا"" shared with the cooked variant below."
Vegetables,"Green beans, cooked",فاصوليا خضرا مسلوقة,cooked green beans;green beans,فاصوليا,61,1.9,6.2,3.2,
Vegetables,Beetroot,بنجر,beets;beetroot,,45,1.5,6.5,0.1,
Vegetables,Broccoli,بروكلي,broccoli,,38,3.5,5.4,0.3,
Vegetables,Brussels sprouts,كرنب بروكسل,brussels sprouts,,50,4.6,6.9,0.4,
Vegetables,"Cabbage, red",كرنب أحمر,red cabbage,,31,1.6,5.4,0.3,
Vegetables,"Cabbage, white",كرنب أبيض,cabbage;white cabbage,كرنب,27,1.3,5,0.2,
Vegetables,Stuffed cabbage (rice),محشي كرنب بالرز,stuffed cabbage,محشي كرنب,127,3.5,19.2,4,
Vegetables,Stuffed cabbage (rice and meat),محشي كرنب باللحمة,stuffed cabbage with meat,,140,5,16.1,6.2,
Vegetables,Carrots,جزر,carrot;carrots,,36,1.2,7.4,0.2,
Vegetables,Cauliflower,قرنبيط,cauliflower,,28,2.3,4.1,0.3,"""cauliflower""/""قرنبيط"" shared with the cooked variant below."
Vegetables,"Cauliflower, cooked",قرنبيط مسلوق,cooked cauliflower;cauliflower,قرنبيط,49,2,5.4,2.1,
Vegetables,"Cauliflower with meat, cooked",قرنبيط باللحمة,cauliflower with meat,,62,3.7,4.9,3.1,
Vegetables,Celery,كرفس,celery,,52,0.9,11.7,0.2,
Vegetables,Swiss chard,سلق,swiss chard;chard,,27,2.3,3.5,0.4,
Vegetables,"Chickpeas, green, fresh",حمص أخضر,fresh green chickpeas,,139,4.7,27,1.3,
Vegetables,Chicory,هندباء,chicory,,27,1.8,4,0.4,
Vegetables,"Coriander, fresh",كزبرة خضرا,cilantro;fresh coriander,كزبرة,34,3.7,3.5,0.6,
Vegetables,"Cowpeas, fresh",لوبيا خضرا,fresh cowpeas,,50,3.5,8.4,0.3,
Vegetables,"Cucumber, pickled",خيار مخلل,pickled cucumber;pickle,مخلل خيار,22,1.1,4.5,0,
Vegetables,Dill,شبت,dill,,36,2.9,5,0.5,
Vegetables,"Eggplant, raw",باذنجان,eggplant;aubergine,,28,1.7,4.9,0.2,"""eggplant""/""باذنجان"" shared with the cooked variant below."
Vegetables,"Eggplant, cooked",باذنجان مطبوخ,cooked eggplant;eggplant,باذنجان,73,1.6,4.7,5.3,
Vegetables,"Eggplant with meat, cooked",باذنجان باللحمة,eggplant with meat,,84,3.6,4,6,
Vegetables,"Eggplant, fried",باذنجان مقلي,fried eggplant,,175,1.5,3.9,17,
Vegetables,Stuffed eggplant (rice),محشي باذنجان بالرز,stuffed eggplant,محشي باذنجان,126,3,19.5,4,
Vegetables,Fennel,شمر,fennel,,37,2.6,5.4,0.5,
Vegetables,Fenugreek leaves,ورق حلبة,fenugreek leaves,,45,3.5,6.5,0.5,
Vegetables,Arugula (rocket),جرجير,arugula;rocket;garden rocket,,32,2.5,4.4,0.5,
Vegetables,Garlic,ثوم,garlic,,142,5.6,29.7,0.3,
Vegetables,"Grape leaves, fresh",ورق عنب,grape leaves,,80,4,14.7,0.6,
Vegetables,"Grape leaves, pickled",ورق عنب مخلل,pickled grape leaves,,71,7.3,9.1,0.6,
Vegetables,Stuffed grape leaves (rice),ورق عنب محشي,stuffed grape leaves;wara einab;mahshi grape leaves,محشي ورق عنب,131,4,19.4,4.2,
Vegetables,"Molokhia, fresh",ملوخية خضرا,molokhia;jute leaves,ملوخية,54,5,6.3,1,"""molokhia""/""ملوخية"" shared with the cooked variant below."
Vegetables,"Molokhia, cooked",ملوخية مطبوخة,cooked molokhia;molokhia,ملوخية,91,3.5,5.7,6,
Vegetables,Leeks,كراث,leeks,,18,1.8,2,0.3,
Vegetables,Lettuce,خس,lettuce;iceberg lettuce,,15,0.9,2.3,0.2,
Vegetables,Stuffed lettuce (rice),محشي خس بالرز,stuffed lettuce,محشي خس,124,3.1,18.8,4,
Vegetables,Stuffed lettuce (rice and meat),محشي خس باللحمة,stuffed lettuce with meat,,147,5,16,7,
Vegetables,Mallow,خبيزة,mallow,,55,5,7.5,0.6,"""mallow""/""خبيزة"" shared with the cooked variant below."
Vegetables,"Mallow, cooked",خبيزة مطبوخة,cooked mallow;mallow,خبيزة,99,3,9.1,5.6,
Vegetables,"Mint, fresh",نعناع,mint,,52,3.7,6.5,1.2,
Vegetables,Mushrooms,مشروم,mushrooms,فطر,31,2.5,5.1,0.1,
Vegetables,"Mushrooms, canned",مشروم معلب,canned mushrooms,,27,3.2,3.4,0.1,
Vegetables,Okra,بامية,okra,,47,2,9.3,0.2,"""okra""/""بامية"" shared with the cooked variant below."
Vegetables,"Okra, cooked",بامية مطبوخة,cooked okra;okra,بامية,72,2.8,7.2,3.6,
Vegetables,"Okra with meat, cooked",بامية باللحمة,okra with meat,,89,5.1,5.8,5,
Vegetables,"Olives, black, pickled",زيتون أسود,black olives,زيتون,158,1.5,10.9,12,
Vegetables,"Olives, green, pickled",زيتون أخضر,green olives,زيتون,88,1,2.9,8,
Vegetables,"Onions, pickled",بصل مخلل,pickled onions,,53,0.5,12.2,0.2,
Vegetables,Onions,بصل,onion;onions,,60,1.2,13.3,0.2,
Vegetables,Parsley,بقدونس,parsley,,50,3.3,8.2,0.4,
Vegetables,"Peas, fresh",بسلة خضرا,fresh peas;green peas,بسلة,89,6.2,15.1,0.4,
Vegetables,"Peas and carrots, cooked",بسلة وجزر,peas and carrots,,68,4.1,4.7,3,
Vegetables,"Peppers, green",فلفل أخضر,green pepper;green peppers;bell pepper,فلفل,24,1.3,4.1,0.3,
Vegetables,"Peppers, colored (red/yellow/orange)",فلفل ألوان,red pepper;yellow pepper;colored peppers,فلفل رومي,34,1.2,6.6,0.3,
Vegetables,Pumpkin,قرع عسل,pumpkin,قرع,26,1,5.2,0.1,
Vegetables,Purslane,رجلة,purslane,,31,2,4.5,0.5,
Vegetables,"Radishes, red",فجل أحمر,red radish;radish;radishes,فجل,19,1.2,3.2,0.1,
Vegetables,"Radishes, white",فجل أبيض,white radish;daikon,,27,1.4,5,0.1,
Vegetables,Spinach,سبانخ,spinach,,22,2.5,2.4,0.3,"""spinach""/""سبانخ"" shared with the cooked variant below."
Vegetables,"Spinach, cooked",سبانخ مطبوخة,cooked spinach;spinach,سبانخ,57,2,3.4,3.9,
Vegetables,"Spinach with meat, cooked",سبانخ باللحمة,spinach with meat,,75,4,3.1,5.2,
Vegetables,Squash (kousa),كوسة,squash;zucchini;kousa,,24,1.3,4.2,0.2,"""squash""/""كوسة"" shared with the cooked variant below."
Vegetables,"Squash, cooked",كوسة مطبوخة,cooked squash;squash;zucchini,كوسة,55,1.9,4.3,3.4,
Vegetables,"Squash with meat, cooked",كوسة باللحمة,squash with meat,,67,3.4,2.9,4.6,
Vegetables,Stuffed squash (rice),محشي كوسة بالرز,stuffed squash;stuffed zucchini,محشي كوسة,103,2.1,17.6,2.7,
Vegetables,Stuffed squash (rice and meat),محشي كوسة باللحمة,stuffed squash with meat,,112,3,16,4,
Vegetables,Ketchup,كاتشب,ketchup;tomato ketchup,,126,1.6,28.6,0.6,
Vegetables,Tomato paste,صلصة طماطم مركزة,tomato paste,معجون طماطم,78,3.8,14.8,0.4,"Source row named ""Tomatoes, roots"" — almost certainly a mistranslation in the original table (the nutrient profile matches concentrated tomato paste closely, not a root vegetable); imported under the corrected name."
Vegetables,Turnips,لفت,turnip;turnips,,27,1.2,5.2,0.2,
Vegetables,Mixed pickled vegetables (torshi),طرشي,torshi;pickled vegetables,مخلل,16,1.1,3,0,
Fruits,Apricots,مشمش,apricot;apricots,,58,0.9,12.7,0.4,
Fruits,"Apricots, dried",مشمش مجفف,dried apricots;amardeen,قمر الدين,282,4.5,64.6,3.1,
Fruits,Avocado,أفوكادو,avocado,,165,2.2,7.5,14,
Fruits,Cantaloupe,شمام,cantaloupe;muskmelon,,33,0.8,7.3,0.1,
Fruits,Custard apple,قشطة,custard apple,,85,2.9,17.3,0.5,
Fruits,"Dates, fresh",بلح طازة,dates;fresh dates,بلح,115,0.9,27.3,0.2,
Fruits,"Dates, dried (Agwa)",عجوة,dried dates;agwa dates,بلح مجفف,315,2.3,75.3,0.5,
Fruits,"Figs, fresh",تين طازة,figs;fresh figs,تين,72,1.3,15.8,0.4,
Fruits,"Figs, dried",تين مجفف,dried figs,,293,4.1,66.6,1.1,
Fruits,Grapefruit,جريب فروت,grapefruit,,43,0.6,9.8,0.1,
Fruits,"Grapes, seedless",عنب,grapes,,77,0.6,17.2,0.6,
Fruits,Guava,جوافة,guava;guavas,,62,0.8,13.5,0.5,
Fruits,Husk tomato (physalis),فيزاليس,husk tomato;physalis;cape gooseberry,,75,2.7,15.3,0.3,
Fruits,Jujube,نبق,jujube;chinese date,,89,1.4,20.3,0.2,
Fruits,Kiwi,كيوي,kiwi;kiwifruit,,54,1.9,10.2,0.6,
Fruits,Lemon,ليمون,lemon;lemons,,32,0.8,6.7,0.2,
Fruits,Sweet lemon,ليمون حلو,sweet lemon;sweet lime,,37,0.6,7.6,0.5,
Fruits,Lime,لايم,lime,ليمون أخضر,33,0.6,6.9,0.3,
Fruits,Loquat,بشملة,loquat,,51,0.3,11,0.6,
Fruits,Mandarin (clementine),يوسفي,mandarin;clementine;tangerine,مندرين,48,0.7,10.8,0.2,
Fruits,Mango,مانجو,mango;mangoes,,68,0.8,15.5,0.3,
Fruits,Melon (gaawa),قاوون,melon;honeydew melon,,30,0.8,6.3,0.6,
Fruits,Mulberry,توت,mulberry;mulberries,,76,1.6,16.3,0.5,
Fruits,Orange,برتقال,orange;oranges,,50,1.1,12.1,0.3,
Fruits,Papaya,بابايا,papaya,,44,0.6,10,0.2,
Fruits,Peach,خوخ,peach;peaches,,51,0.7,11.7,0.2,
Fruits,Pear,كمثرى,pear;pears,,58,0.3,13.7,0.2,
Fruits,Persimmon,كاكا,persimmon,,85,0.9,19.3,0.5,
Fruits,Pineapple,أناناس,pineapple,,55,0.5,12.7,0.2,
Fruits,Plums,برقوق,plum;plums,,50,0.7,11.3,0.2,
Fruits,Pomegranate,رمان,pomegranate,,68,0.7,15.5,0.4,
Fruits,Prickly pear,تين شوكي,prickly pear;cactus fruit,,31,1,4.8,0.3,
Fruits,"Prunes, dried",برقوق مجفف,prunes;dried plums,,299,2.3,71.2,0.5,
Fruits,Raisins,زبيب,raisins,,320,2.4,76.9,0.3,
Fruits,Raspberries,توت العليق,raspberries;raspberry,,60,1.3,12.5,0.5,
Fruits,Strawberries,فراولة,strawberries;strawberry,,34,0.8,6.7,0.4,
Fruits,Sycamore fig,جميز,sycamore fig;sycamore,,66,0.9,15,0.3,
Fruits,Watermelon,بطيخ,watermelon,,26,0.4,5.9,0.1,
"Sweets, candy, desserts",Hard candy,حلوى صلبة,hard candy;fruit candy,,392,0,98,0,
"Sweets, candy, desserts",Candy (Folia),حلاوة فوليه,folia candy,,444,7.8,76.1,12,
"Sweets, candy, desserts",Homosia candy,حمصية,homosia,,387,6.5,86.5,1.7,
"Sweets, candy, desserts",Jelly beans,جيلي بينز,jelly beans;jellybeans,,353,2.6,84.9,0.3,
"Sweets, candy, desserts",Koozassal candy,قزاز عسل,koozassal,,387,2.4,93.3,0.5,
"Sweets, candy, desserts",Malban candy,ملبن,malban;turkish delight,راحة الحلقوم,382,0.8,93.5,0.5,
"Sweets, candy, desserts",Nougat with nuts,نوجا بالمكسرات,nougat,نوجا,397,7.7,84.2,3.3,
"Sweets, candy, desserts",Sesame candy (semsemia),سمسمية,semsemia;sesame candy,,443,6,77.7,12,
"Sweets, candy, desserts",Toffee,توفي,toffee,,392,4,85,4,
"Sweets, candy, desserts",Chewing gum,لبان,chewing gum;gum,علكة,320,0,80,0,
"Sweets, candy, desserts",Milk chocolate,شوكولاتة باللبن,milk chocolate;chocolate,شوكولاتة,513,8,59.5,27,
"Sweets, candy, desserts",Chocolate with coconut,شوكولاتة بجوز الهند,coconut chocolate,,469,4,68.2,20,
"Sweets, candy, desserts",Assalia candy,عسلية,assalia,,387,1.6,93.6,0.7,
"Sweets, candy, desserts",Chocolate with nuts,شوكولاتة بالمكسرات,chocolate with nuts,,530,9.3,55.6,30,
"Sweets, candy, desserts",Corn syrup,شراب الذرة,corn syrup,,317,0,79.3,0.2,
"Sweets, candy, desserts",Halawa (tahini sweet),حلاوة طحينية,halawa;halva;tahini halva,حلاوة,520,11.2,57,27.5,"""حلاوة طحينية""/""halawa"" shared with the nuts variant below."
"Sweets, candy, desserts",Halawa with nuts,حلاوة بالمكسرات,halawa with nuts;halva with nuts,حلاوة,519,12.1,54.6,28,
"Sweets, candy, desserts",Honey,عسل نحل,honey,عسل,329,0.3,82,0.3,
"Sweets, candy, desserts",Jam,مربى,jam,,283,0.7,69.7,0.4,
"Sweets, candy, desserts",Jelly powder,جيلي بودرة,jelly powder;jello powder,,390,10,87.4,0.8,
"Sweets, candy, desserts",Molasses (black honey),عسل أسود,molasses,,280,0,70,4,
"Sweets, candy, desserts",Baklava,بقلاوة,baklava,,450,4.8,56,23,
"Sweets, candy, desserts",Balah el-sham,بلح الشام,balah el sham,,420,5.3,71.2,12.7,
"Sweets, candy, desserts",Basbousa,بسبوسة,basbousa;basboosa,,355,4.9,70.3,6,
"Sweets, candy, desserts",Eish el saraya,عيش السرايا,eish el saraya;aish el saraya,,426,2.5,75.9,12.5,
"Sweets, candy, desserts",Ghraybeh (butter cookies),غريبة,ghraybeh;ghorayeba,,533,5.5,58,31,
"Sweets, candy, desserts",Kahk (Eid cookies),كحك العيد,kahk;eid cookies,كحك,518,7,60.5,27.6,
"Sweets, candy, desserts",Kataifi,قطايف,kataifi;qatayef,,348,5,53.1,12.8,
"Sweets, candy, desserts",Kunafa with cream,كنافة بالقشطة,kunafa;konafa,كنافة,361,3,54.5,14.5,"""كنافة""/""kunafa"" shared with the nuts variant below."
"Sweets, candy, desserts",Kunafa with nuts,كنافة بالمكسرات,kunafa with nuts,كنافة,487,5.8,62.5,23.7,
"Sweets, candy, desserts",Luqmat el-qadi (dumplings),لقمة القاضي,luqmat el qadi;lokmet el kady,,396,3.9,73.7,9.5,
"Sweets, candy, desserts",Ma'amoul,معمول,maamoul;maamout,,500,6,64.3,24,
"Sweets, candy, desserts","Sugar, white",سكر أبيض,sugar;white sugar,سكر,398,0,99.5,0,
"Sweets, candy, desserts",Artificial sweetener,محلي صناعي,sweetener;artificial sweetener,,399,0,97.6,0,
"Sweets, candy, desserts",Chocolate topping,صوص شوكولاتة,chocolate topping;chocolate sauce,,400,1.9,51.5,20.7,
Meat and poultry,Beef bresaola (basterma),بسطرمة,basterma;bresaola,,201,28.6,8.5,5.8,
Meat and poultry,"Beef brain, raw",مخ بقري نيء,beef brain,مخ بقري,121,10.4,0.6,8.5,
Meat and poultry,"Beef brain, fried",مخ بقري مقلي,fried beef brain,,251,13.7,17.7,13.9,
Meat and poultry,"Beef burger, raw",برجر بقري نيء,"beef burger, raw",برجر بقري,256,18,1,20,
Meat and poultry,"Beef burger, grilled",برجر بقري مشوي,grilled beef burger;beef burger,برجر بقري,263,21.1,0,19,
Meat and poultry,"Beef head, raw",راس بقري,beef head,,212,20.2,0.1,14.5,
Meat and poultry,"Beef head meat, boiled",لحمة راس بقري مسلوقة,boiled beef head meat,,239,25.1,0.4,15.2,
Meat and poultry,Beef heart,قلب بقري,beef heart,,112,16.5,1.7,4.3,
Meat and poultry,Beef kidneys,كلاوي بقري,beef kidneys,,121,16.5,0.8,5.8,
Meat and poultry,Beef knuckle,كوارع بقري,beef knuckle,,137,23,0,5,
Meat and poultry,Beef liver,كبدة بقري,beef liver,,132,19.5,4.4,4,
Meat and poultry,Beef luncheon meat,لانشون بقري,beef luncheon,لانشون,155,16.3,5.6,7.5,
Meat and poultry,Beef lung,رئة بقري,beef lung,,88,17.1,0,2.2,
Meat and poultry,"Beef kofta, fried",كفتة بقري مقلية,fried beef kofta;kofta,كفتة,245,17.5,2.9,18.1,
Meat and poultry,"Beef kofta, grilled",كفتة بقري مشوية,grilled beef kofta;kofta,كفتة,271,21.2,5.5,18.2,
Meat and poultry,Beef kofta with rice,كفتة بالرز,kofta with rice,,149,10.6,11,7,
Meat and poultry,"Kubeba, fried",كبيبة مقلية,kubeba;kibbeh,كبة,237,11.5,28,8.8,
Meat and poultry,Beef in brown sauce,لحمة بالصوص,beef brown sauce,,159,14,0.9,11,
Meat and poultry,"Corned beef, canned",لحم مقدد معلب,corned beef,,213,24.8,1.9,11.8,
Meat and poultry,"Beef sausage, raw",سجق بقري نيء,"beef sausage, raw",سجق بقري,312,15,9,24,
Meat and poultry,"Beef sausage, grilled",سجق بقري مشوي,grilled beef sausage;beef sausage,سجق بقري,291,17,14,18.5,
Meat and poultry,Beef spleen,طحال بقري,beef spleen,,97,18,1.5,2.1,
Meat and poultry,"Beef tongue, raw",لسان بقري نيء,"beef tongue, raw",لسان بقري,201,16.8,0.6,14.6,
Meat and poultry,"Beef tongue, boiled",لسان بقري مسلوق,boiled beef tongue;beef tongue,لسان بقري,298,23.4,1.3,22.1,
Meat and poultry,Buffalo meat,لحم جاموسي,buffalo meat,,210,18.8,0,15,
Meat and poultry,Camel liver,كبدة جمل,camel liver,,143,20.7,5.2,4.4,
Meat and poultry,Camel meat,لحم جمل,camel meat,,108,19,0,3.6,
Meat and poultry,Chicken frankfurter,سجق فراخ,chicken frankfurter,,221,18.1,3.3,15,
Meat and poultry,Chicken gizzard,قوانص فراخ,chicken gizzard,,106,20.5,0.7,2.3,
Meat and poultry,Chicken liver,كبدة فراخ,chicken liver,,122,17.6,2.5,4.6,
Meat and poultry,Chicken luncheon meat,لانشون فراخ,chicken luncheon,,144,18,5.5,5.5,
Meat and poultry,"Chicken, boiled (whole)",فراخ مسلوقة,boiled chicken,,193,21.6,0.3,11.7,
Meat and poultry,"Chicken, fried (whole)",فراخ مقلية,fried chicken,,316,22.4,6.6,22.2,
Meat and poultry,"Chicken, grilled (whole)",فراخ مشوية,"grilled chicken, whole",,213,21.2,0.9,13.8,
Meat and poultry,"Chicken, dark meat",لحم فراخ أسمر,dark meat chicken,,121,19,0,5,
Meat and poultry,"Chicken, light meat",لحم فراخ أبيض,light meat chicken;white meat chicken,,109,20.5,0,3,
Meat and poultry,Chicken meat and skin,فراخ باللحم والجلد,chicken meat and skin,,214,17.4,0,16,
Meat and poultry,Duck meat and skin,بط,duck,,315,15.4,0,28.2,
Meat and poultry,Goat meat,لحم ماعز,goat meat,,165,18.4,0,10.2,
Meat and poultry,Goose meat and skin,وز,goose,,346,16,0,31.3,
Meat and poultry,Lamb kidneys,كلاوي ضاني,lamb kidneys,,109,16,0,5,
Meat and poultry,Lamb liver,كبدة ضاني,lamb liver,,126,19.9,5.2,2.8,
Meat and poultry,"Lamb meat, raw",لحم ضاني نيء,lamb meat;lamb,لحم ضاني,249,16.5,0,20.3,
Meat and poultry,"Lamb kabab, grilled",كباب ضاني,lamb kabab;kabab,كباب,273,23,1.8,19.3,
Meat and poultry,Pigeon meat and skin,حمام,pigeon,,251,20,0,19,
Meat and poultry,Pork meat,لحم خنزير,pork,,354,15.9,0,32.3,
Meat and poultry,Rabbit meat,لحم أرانب,rabbit meat;rabbit,,133,20.7,0,5.6,
Meat and poultry,Turkey frankfurter,سجق ديك رومي,turkey frankfurter,,187,19,5.5,9.9,
Meat and poultry,Turkey luncheon meat,لانشون ديك رومي,turkey luncheon,,129,20,4.4,3.5,
Meat and poultry,Turkey meat and skin,ديك رومي,turkey;turkey meat,,151,21,0,7.4,
Meat and poultry,Veal meat,لحم بتلو,veal,,123,18.7,0,5.4,
Eggs,Egg white,بياض بيض,egg white;egg whites,,46,11,0.2,0.1,
Eggs,Egg yolk,صفار بيض,egg yolk;egg yolks,,343,16.5,1.2,30.2,
Eggs,Duck egg,بيض بط,duck egg;duck eggs,,177,13.5,0.7,13.3,
Eggs,Omelet,أومليت,omelet;omelette,,148,9.9,3.5,10.5,
Fish and seafood,Bream (fish),دنيس,bream,,100,19.4,0.3,2.4,
Fish and seafood,Golden bream,دنيس ذهبي,golden bream,,79,17.6,0,1,
Fish and seafood,Catfish (bayad),بياض (سمك),bayad catfish,,102,18.7,0,3,
Fish and seafood,"Catfish, river",قرموط,river catfish;catfish,,81,16.4,0.5,1.5,"""قرموط""/""river catfish"" shared with the scaled variant below."
Fish and seafood,"Catfish, scaled",قرموط مقشور,scaled catfish,,112,18.1,0.8,4,
Fish and seafood,"Catfish, salted",فسيخ قرموط,salted catfish,,152,21.7,0.5,7,
Fish and seafood,Crab,كابوريا,crab,,96,18,2.6,1.5,
Fish and seafood,Eel,ثعبان البحر,eel,,166,19,0,10,
Fish and seafood,"Fish fingers, fried",أصابع سمك مقلية,fish fingers;fish sticks,,252,12,20.9,13.4,
Fish and seafood,"Herring, smoked",رنجة مدخنة,smoked herring;herring,رنجة,200,20,0.9,12.9,
Fish and seafood,Lizard fish,سمك الحلي,lizard fish,,95,19.4,0.9,1.5,"""سمك الحلي""/""lizard fish"" shared with the fried variant below."
Fish and seafood,"Lizard fish, fried",سمك الحلي مقلي,fried lizard fish,,248,23.3,6.5,14.4,
Fish and seafood,"Mackerel, canned",ماكريل معلب,canned mackerel;mackerel,ماكريل,215,20,0.1,15,
Fish and seafood,Mullet,بوري (سمك),mullet,بوري سمك,133,19,0,6.3,"""بوري""/""mullet"" shared with the grilled variant below."
Fish and seafood,"Mullet, grilled",بوري مشوي,grilled mullet,,151,21.5,1.2,6.7,
Fish and seafood,"Mullet, salted (feseekh)",فسيخ,feseekh;salted mullet,,154,20.8,0.1,7.8,
Fish and seafood,"Sardines, fresh",سردين طازة,sardines;fresh sardines,سردين,156,19.2,0,8.8,"""سردين""/""sardines"" shared with the canned/grilled/salted variants."
Fish and seafood,"Sardines, canned",سردين معلب,canned sardines;sardines,سردين,227,22,0.1,15.4,
Fish and seafood,"Sardine, grilled",سردين مشوي,grilled sardine;sardines,سردين,180,22.5,1.7,9.2,
Fish and seafood,"Sardine, salted",سردين مملح,salted sardine;sardines,سردين,218,23.3,0.8,13.5,
Fish and seafood,"Shrimp, raw",جمبري نيء,shrimp;prawns,جمبري,88,19.5,0.5,0.9,"""جمبري""/""shrimp"" shared with the boiled variant below."
Fish and seafood,"Shrimp, boiled",جمبري مسلوق,boiled shrimp;shrimp,جمبري,116,25,1.5,1.1,
Fish and seafood,Sole (fish),موسى (سمك),sole,موسى,88,18,0.3,1.6,"""موسى""/""sole"" shared with the fried variant below."
Fish and seafood,"Sole, fried",موسى مقلي,fried sole,,262,21.5,9.8,15.2,
Fish and seafood,Tilapia,بلطي,tilapia,,94,19,0,2,"""بلطي""/""tilapia"" shared with the fried/grilled variants below."
Fish and seafood,"Tilapia, fried",بلطي مقلي,fried tilapia;tilapia,بلطي,233,20,4.4,15,
Fish and seafood,"Tilapia, grilled",بلطي مشوي,grilled tilapia;tilapia,بلطي,121,22.5,1.9,2.6,
Fish and seafood,"Tuna, canned",تونة معلبة,canned tuna;tuna,تونة,267,24.6,0.4,18.5,
Dairy,"Butter, unsalted",زبدة,butter,,742,0.7,0.3,82,
Dairy,Ghee (samna),سمنة,ghee;samna,,896,0.2,0,99.5,
Dairy,Camembert cheese,جبنة كممبير,camembert,,301,20,1.5,23.9,
Dairy,Cheddar cheese,جبنة شيدر,cheddar,,406,26,1.5,32.9,
Dairy,Gouda cheese,جبنة جودا,gouda,,371,24.5,0.8,30,
Dairy,Kareesh cheese,جبنة قريش,kareesh cheese;kareesh,قريش,100,13,4.1,3.5,"""جبنة قريش""/""kareesh cheese"" shared with the low-fat variant below."
Dairy,"Kareesh cheese, low fat",جبنة قريش قليلة الدسم,low fat kareesh cheese;kareesh cheese,قريش,91,19,2.7,0.5,
Dairy,Mish cheese,مش,mish cheese;mish,,93,14,2.4,3,
Dairy,Mozzarella cheese,جبنة موتزاريلا,mozzarella,,265,27,2.2,16.5,
Dairy,Parmesan cheese,جبنة بارميزان,parmesan,,399,35,2.9,27.5,
Dairy,Processed cheese,جبنة مطبوخة,processed cheese,,324,19,5.7,25,
Dairy,Cheese spread,جبنة قابلة للدهن,cheese spread,,289,15.9,4.8,22.9,
Dairy,"White cheese, half cream",جبنة بيضاء نص دسم,half cream white cheese,,151,13,4.6,8.9,
Dairy,Roquefort cheese,جبنة روكفور,roquefort;blue cheese,,361,22.3,2.7,29,
Dairy,Whipping cream,كريمة خفق,whipping cream;cream,كريمة,353,3,3.3,36.4,
Dairy,Fermented milk (laban rayeb),لبن رايب,fermented milk;laban rayeb,,62,3.8,4.5,3.2,
Dairy,Fermented skim milk,لبن رايب خالي الدسم,fermented skim milk,,46,4.9,4.9,0.8,
Dairy,Buffalo milk,لبن جاموسي,buffalo milk,,102,4.2,5.4,7.1,
Dairy,Cow milk,لبن بقري,milk;cow milk,لبن,64,3.3,4.4,3.7,"""لبن""/""milk"" shared with the full-cream variant below (both are essentially the standard retail cow's milk, with near-identical figures in the source data)."
Dairy,Chocolate milk (drink),لبن بالشوكولاتة,chocolate milk drink,,80,3.2,12.9,1.7,
Dairy,"Milk, full cream",لبن كامل الدسم,full cream milk;milk,لبن,64,3.3,4.7,3.5,
Dairy,Milk with fruit,لبن بالفاكهة,fruit milk,,76,3.2,12,1.7,
Dairy,"Milk, half cream",لبن نص دسم,half cream milk,,48,3.4,5.1,1.5,
Dairy,"Milk, low fat skimmed",لبن خالي الدسم,skim milk;low fat milk,,41,3.5,5.3,0.6,
Dairy,"Milk powder, skim",لبن بودرة خالي الدسم,skim milk powder;powdered milk,لبن بودرة,362,37,50,1.5,
Dairy,"Milk powder, whole",لبن بودرة كامل الدسم,whole milk powder;powdered milk,لبن بودرة,497,26.7,38.7,26.2,
Dairy,"Yogurt, low fat",زبادي خالي الدسم,low fat yogurt,,50,4,6.4,0.9,
Dairy,"Yogurt, fruit",زبادي بالفاكهة,fruit yogurt,,68,3,11.2,1.2,
Beverages,Non-alcoholic beer,بيرة بدون كحول,non-alcoholic beer,,16,0.2,3.8,0.2,
Beverages,Barley drink (carbonated),مشروب شعير غازي,barley drink,,42,0,10.5,0.1,
Beverages,Soft drinks (carbonated),مشروبات غازية,soda;soft drink;cola,غازي,42,0,10.6,0.2,
Beverages,Diet soft drinks,مشروبات غازية دايت,diet soda;diet soft drink,,1,0,0.2,0.1,
Beverages,Tonic water,تونيك ووتر,tonic water,,40,0,10,0.3,
Beverages,Instant chocolate drink powder,شوكولاتة سريعة الذوبان,instant chocolate drink,,412,6.2,83.4,6,
Beverages,Instant coffee powder,قهوة سريعة الذوبان,instant coffee,قهوة,360,20.5,68.3,0.5,
Beverages,Instant fruit drink powder,مشروب فواكه بودرة,instant fruit drink,,392,1.1,96.9,1.7,
Beverages,Instant tea powder,شاي سريع الذوبان,instant tea,شاي,396,1,97.9,0.6,
Beverages,Apple juice,عصير تفاح,apple juice,,48,0.1,12,0.2,
Beverages,Grape juice,عصير عنب,grape juice,,66,0.3,16.2,0.5,
Beverages,Grapefruit juice,عصير جريب فروت,grapefruit juice,,39,0.5,9.2,0.3,
Beverages,Orange juice,عصير برتقال,orange juice,,46,0.6,10.4,0.3,
Beverages,Peach juice,عصير خوخ,peach juice,,47,0.5,10.9,0.6,
Beverages,Pomegranate juice,عصير رمان,pomegranate juice,,62,1,14.4,0.4,
Beverages,Sugarcane juice,عصير قصب,sugarcane juice,,45,0,11.3,0.2,
Beverages,Tomato juice,عصير طماطم,tomato juice,,24,0.2,5.8,0.9,
Beverages,Apricot nectar,نكتار مشمش,apricot nectar,,59,0.5,14,0.4,
Beverages,Fruit cocktail nectar,نكتار فواكه مشكلة,fruit cocktail nectar,,61,0.1,15,0.4,
Beverages,Guava nectar,نكتار جوافة,guava nectar,,60,0.1,14.9,0.4,
Beverages,Mango nectar,نكتار مانجو,mango nectar,,62,0.2,15.1,0.4,
Spices,Cardamom,حبهان,cardamom,,288,12,50.4,4.3,
Spices,Cinnamon,قرفة,cinnamon,,263,4,57.3,2,
Spices,Clove,قرنفل,clove;cloves,,348,6.5,61.7,8.3,
Spices,"Coriander, ground",كزبرة ناشفة,ground coriander;coriander seeds;coriander,كزبرة,284,13.6,22,15.7,"""كزبرة""/""coriander"" shared with the fresh-leaf entry in the Vegetables section — a bare query should surface both the herb and the spice."
Spices,Cumin,كمون,cumin,,327,18,33.8,13.3,
Spices,Ginger,زنجبيل,ginger,,338,9,67.9,3.4,
Spices,Nutmeg,جوزة الطيب,nutmeg,,511,7.5,42.2,34.7,
Spices,Black pepper,فلفل أسود,black pepper;pepper,فلفل,343,14.7,60.6,4.6,
Spices,Red pepper (spice),فلفل أحمر,red pepper spice;cayenne pepper,شطة,291,15.6,39.8,7.7,
Spices,Thyme,زعتر,thyme,,287,12.2,53.1,2.9,
Misc,Baking powder,بيكنج باودر,baking powder,,144,0.9,35,0,
Misc,Chicken stock,مرقة فراخ,chicken stock;chicken bouillon,,305,7.5,12.5,25,
Misc,Cocoa powder,كاكاو بودرة,cocoa powder;cocoa,كاكاو,438,17,50,18.9,
Misc,Doum palm powder,دوم,doum powder;doum palm,,312,3.6,71.3,1.4,
Misc,Gelatin,جيلاتين,gelatin;gelatine,,345,86,0,0.1,
Misc,Kishk,كشك,kishk,,380,21.6,57.2,7.2,
Misc,Mayonnaise,مايونيز,mayonnaise;mayo,,722,1.3,5.1,77.4,
Misc,Vegetable oil,زيت نباتي,vegetable oil;cooking oil,زيت,899,0,0,99.9,
Misc,Salad dressing,صوص سلطة,salad dressing,,370,2.9,21.2,29.1,
Misc,Tamarind,تمر هندي,tamarind,,292,3.1,68.9,0.4,
Misc,"Yeast, compressed (fresh)",خميرة طازة,fresh yeast;compressed yeast;yeast,خميرة,105,13,12.1,0.5,
Misc,"Yeast, dried",خميرة ناشفة,dried yeast;active dry yeast;yeast,خميرة,357,37,48.8,1.5,
